2641700000000000000000,1723555349439,199000,1723555344185,0,1723555380
2641275000000000000000,1723555395315,200000,1723555390272,0,1723555428
2642290000000000000000,1723555446093,201000,1723555441074,0,1723555464
2641985000000000000000,1723555466495,100000,1723555456273,0,1723555476
2640200000000000000000,1723555492111,200000,1723555487035,0,1723555512
2640200000000000000000,1723555492111,200000,1723555487035,0,1723555512
2639670000000000000000,1723555569177,201000,1723555563951,0,1723555596
2639965000000000000000,1723555605197,200000,1723555599944,0,1723555620
2640300000000000000000,1723555625538,101000,1723555615462,0,1723555644
2641225000000000000000,1723555651357,99000,1723555640944,0,1723555668
2641745000000000000000,1723555671947,1000,1723555666806,0,1723555680
2640160000000000000000,1723555692838,199000,1723555682465,0,1723555704
2638970000000000000000,1723555718473,100000,1723555713085,0,1723555740
2639400000000000000000,1723555739222,200000,1723555728666,0,1723555788
2641300000000000000000,1723555785182,100000,1723555775058,0,1723555812
2642410000000000000000,1723555826354,1000,1723555821142,0,1723555836
2644315000000000000000,1723555897977,100000,1723555892867,0,1723555908
2642810000000000000000,1723555918263,200000,1723555913114,0,1723555944
2642105000000000000000,1723555944114,200000,1723555938815,0,1723555956
2646590000000000000000,1723555964680,200000,1723555959542,0,1723555980
2646015000000000000000,1723555985429,100000,1723555980236,0,1723556004
2648950000000000000000,1723556005643,100000,1723556000430,0,1723556016
2649470000000000000000,1723556031110,100000,1723556025874,0,1723556040
2651130000000000000000,1723556056790,100000,1723556041446,0,1723556076
2651335000000000000000,1723556076931,100000,1723556071614,0,1723556112
2649740000000000000000,1723556133809,101000,1723556128666,0,1723556160
2647835000000000000000,1723556169468,101000,1723556164199,0,1723556184
2646990000000000000000,1723556189981,200000,1723556184834,0,1723556208
2649485000000000000000,1723556210653,100000,1723556205282,0,1723556232
2651890000000000000000,1723556236327,200000,1723556231047,0,1723556244
2653330000000000000000,1723556256565,1000,1723556251466,0,1723556268
2652330000000000000000,1723556282137,200000,1723556276984,0,1723556292
2653450000000000000000,1723556302601,100000,1723556297467,0,1723556316
2655100000000000000000,1723556328422,200000,1723556312972,0,1723556376
2655500000000000000000,1723556421433,200000,1723556416105,0,1723556460
2659065000000000000000,1723556462006,101000,1723556456907,0,1723556472
2659970000000000000000,1723556487414,199000,1723556482330,0,1723556508
2656900000000000000000,1723556502852,100000,1723556497569,0,1723556532
2656860000000000000000,1723556528862,99000,1723556523626,0,1723556544
2653390000000000000000,1723556554568,200000,1723556549214,0,1723556568
2653065000000000000000,1723556574883,200000,1723556569875,0,1723556592
2654440000000000000000,1723556595581,200000,1723556590406,0,1723556616
2656800000000000000000,1723556616355,199000,1723556605884,0,1723556628
2657030000000000000000,1723556641979,199000,1723556636806,0,1723556664
2667200000000000000000,1723556800177,201000,1723556794987,0,1723556808
2665460000000000000000,1723556825405,301000,1723556820076,0,1723556844
2663725000000000000000,1723556845638,100000,1723556835419,0,1723556868
2664660000000000000000,1723556907453,100000,1723556902429,0,1723556928
2664770000000000000000,1723556928244,200000,1723556922808,0,1723556940
2664800000000000000000,1723556948987,200000,1723556943756,0,1723556964
2666700000000000000000,1723556974672,100000,1723556964528,0,1723556988
2667280000000000000000,1723557000095,200000,1723556989909,0,1723557012
2666400000000000000000,1723557025860,200000,1723557015608,0,1723557060
2667560000000000000000,1723557071794,200000,1723557066629,0,1723557096
2670700000000000000000,1723557092448,199000,1723557082114,0,1723557120
2671490000000000000000,1723557112689,100000,1723557107842,0,1723557144
2674730000000000000000,1723557138717,200000,1723557133709,0,1723557156
2673320000000000000000,1723557159457,201000,1723557154169,0,1723557180
2672740000000000000000,1723557180073,199000,1723557174982,0,1723557300
2672900000000000000000,1723557297523,200000,1723557292422,0,1723557312
2666260000000000000000,1723557318107,200000,1723557307695,0,1723557336
2663110000000000000000,1723557379804,199000,1723557369575,0,1723557504
2672890000000000000000,1723557522751,1000,1723557512487,0,1723557564
2670770000000000000000,1723557568524,200000,1723557563414,0,1723557600
2671155000000000000000,1723557680433,100000,1723557675643,0,1723557696
2672510000000000000000,1723557690719,100000,1723557685786,0,1723557744
2671145000000000000000,1723557746976,299000,1723557741534,0,1723557792
2670190000000000000000,1723557793786,200000,1723557788454,0,1723557804
2668760000000000000000,1723557819576,199000,1723557814427,0,1723557828
2667700000000000000000,1723557839982,200000,1723557829984,0,1723557912
2668030000000000000000,1723557905925,300000,1723557900978,0,1723557936
2664890000000000000000,1723557931173,199000,1723557915965,0,1723557960
2665815000000000000000,1723557977390,200000,1723557972060,0,1723557984
2665370000000000000000,1723557998011,100000,1723557992597,0,1723558008
2670100000000000000000,1723558069186,200000,1723558053914,0,1723558080
2670340000000000000000,1723558089913,299000,1723558079594,0,1723558104
2669830000000000000000,1723558110593,100000,1723558105301,0,1723558128
2672525000000000000000,1723558136364,101000,1723558131085,0,1723558188
2671400000000000000000,1723558182823,100000,1723558177717,0,1723558200
2668060000000000000000,1723558203131,199000,1723558198032,0,1723558224
2669690000000000000000,1723558228984,200000,1723558223704,0,1723558248
2670970000000000000000,1723558249472,100000,1723558244503,0,1723558260
2666940000000000000000,1723558270148,100000,1723558264785,0,1723558284
2664620000000000000000,1723558290706,300000,1723558280410,0,1723558308
2669305000000000000000,1723558387341,301000,1723558382228,0,1723558428
2669640000000000000000,1723558428357,200000,1723558417946,0,1723558452
2670100000000000000000,1723558499722,100000,1723558494735,0,1723558548
2671135000000000000000,1723558633259,200000,1723558628134,0,1723558644
2668655000000000000000,1723558653659,200000,1723558648610,0,1723558668
2668230000000000000000,1723558679129,199000,1723558669099,0,1723558692
2669330000000000000000,1723558694946,100000,1723558689528,0,1723558716
2667840000000000000000,1723558725540,100000,1723558720586,0,1723558740
2667330000000000000000,1723558746040,100000,1723558740839,0,1723558764
2669305000000000000000,1723558766356,100000,1723558761275,0,1723558788
2668990000000000000000,1723558786422,100000,1723558781545,0,1723558812
2667360000000000000000,1723558806890,400000,1723558801759,0,1723558824
2666135000000000000000,1723558832420,100000,1723558827425,0,1723558872
2666990000000000000000,1723558878327,200000,1723558873314,0,1723558920
2661890000000000000000,1723558964738,199000,1723558954664,0,1723559004
2660225000000000000000,1723559015920,100000,1723559005412,0,1723559028
2661390000000000000000,1723559037101,101000,1723559031703,0,1723559052
2661415000000000000000,1723559057578,100000,1723559047408,0,1723559076
2661010000000000000000,1723559078405,100000,1723559073360,0,1723559112
2658840000000000000000,1723559124450,200000,1723559109164,0,1723559148
2659165000000000000000,1723559145341,200000,1723559140198,0,1723559160
2660200000000000000000,1723559165702,200000,1723559160703,0,1723559196
2660000000000000000000,1723559191334,100000,1723559186252,0,1723559208
2661640000000000000000,1723559217148,299000,1723559211917,0,1723559280
2659840000000000000000,1723559283585,200000,1723559278560,0,1723559304
2658665000000000000000,1723559309225,100000,1723559304100,0,1723559352
2656100000000000000000,1723559375936,100000,1723559360654,0,1723559412
2656180000000000000000,1723559416382,100000,1723559411392,0,1723559508
2632975000000000000000,1723559621975,100000,1723559616988,0,1723559640
2637290000000000000000,1723559647709,100000,1723559632465,0,1723559664
2636640000000000000000,1723559735699,200000,1723559720092,0,1723559748
2637700000000000000000,1723559761337,100000,1723559756181,0,1723559772
2640495000000000000000,1723559781682,100000,1723559776428,0,1723559796
2638620000000000000000,1723559807293,199000,1723559802184,0,1723559820
2640570000000000000000,1723559827606,101000,1723559822416,0,1723559844
2639340000000000000000,1723559848397,200000,1723559843289,0,1723559868
2638370000000000000000,1723559873409,200000,1723559868461,0,1723559916
2639740000000000000000,1723559990479,100000,1723559985459,0,1723560000
2642000000000000000000,1723560077477,100000,1723560072341,0,1723560096
2643550000000000000000,1723560103204,100000,1723560098040,0,1723560120
2644140000000000000000,1723560123660,100000,1723560118547,0,1723560144
2645000000000000000000,1723560149246,200000,1723560133848,0,1723560168
2644800000000000000000,1723560169703,199000,1723560164317,0,1723560180
2644680000000000000000,1723560195278,300000,1723560190043,0,1723560204
2644600000000000000000,1723560215479,300000,1723560195278,0,1723560228
2648300000000000000000,1723560240920,100000,1723560235678,0,1723560252
2650275000000000000000,1723560256302,200000,1723560251232,0,1723560276
2651940000000000000000,1723560286755,1000,1723560276545,0,1723560300
2653040000000000000000,1723560373887,101000,1723560363662,0,1723560396
2652735000000000000000,1723560399432,1000,1723560394362,0,1723560420
2652090000000000000000,1723560414599,200000,1723560409591,0,1723560444
2652800000000000000000,1723560445112,101000,1723560439885,0,1723560456
2652290000000000000000,1723560460795,200000,1723560455483,0,1723560492
2651135000000000000000,1723560486422,200000,1723560481176,0,1723560504
2656830000000000000000,1723560691393,200000,1723560686322,0,1723560708
2655345000000000000000,1723560717291,1000,1723560712221,0,1723560732
2653900000000000000000,1723560737937,100000,1723560727720,0,1723560756
2657000000000000000000,1723560753415,199000,1723560748343,0,1723560768
2656235000000000000000,1723560784256,100000,1723560779205,0,1723560816
2659230000000000000000,1723560825679,101000,1723560820646,0,1723560840
2658590000000000000000,1723560846484,100000,1723560841256,0,1723560876
2661040000000000000000,1723560873006,199000,1723560868266,0,1723560888
2661530000000000000000,1723560888360,200000,1723560883260,0,1723560912
2663720000000000000000,1723560918150,200000,1723560913045,0,1723560936
2665200000000000000000,1723560963430,100000,1723560958643,0,1723560984
2665540000000000000000,1723560989167,100000,1723560983966,0,1723561020
2665295000000000000000,1723561033741,200000,1723561023780,0,1723561044
2664300000000000000000,1723561058865,200000,1723561048714,0,1723561092
2664610000000000000000,1723561093784,199000,1723561088618,0,1723561116
2662065000000000000000,1723561108621,100000,1723561093784,0,1723561140
2662555000000000000000,1723561138091,199000,1723561108621,0,1723561164
2664710000000000000000,1723561351253,299000,1723561341287,0,1723561368
2661285000000000000000,1723561376109,199000,1723561371048,0,1723561404
2650885000000000000000,1723562003383,300000,1723561998084,0,1723562088
2651600000000000000000,1723562605783,100000,1723562600781,0,1723562616
2646120000000000000000,1723563207845,200000,1723563197856,0,1723563240
2651300000000000000000,1723563796797,200000,1723563791874,0,1723563828
2646720000000000000000,1723564413477,200000,1723564408556,0,1723564428
2654500000000000000000,1723565016282,200000,1723565011184,0,1723565040
2664045000000000000000,1723565617650,99000,1723565612578,0,1723565640
2670320000000000000000,1723566218510,99000,1723566208463,0,1723566240
2680475000000000000000,1723566967528,100000,1723566957639,0,1723566984
2683180000000000000000,1723566982927,100000,1723566972753,0,1723566996
2703960000000000000000,1723567666492,300000,1723567656395,0,1723567692
2716155000000000000000,1723568276913,101000,1723568271848,0,1723568292
2711200000000000000000,1723568883147,200000,1723568867781,0,1723568904
2708130000000000000000,1723569481984,299000,1723569476945,0,1723569540
2712415000000000000000,1723570088097,201000,1723570083004,0,1723570500
2719170000000000000000,1723570690034,199000,1723570684959,0,1723570704
2690700000000000000000,1723575194593,100000,1723575189819,0,1723575816
2692345000000000000000,1723576403119,300000,1723576393363,0,1723576428
2682400000000000000000,1723577007025,100000,1723577002020,0,1723577028
2704025000000000000000,1723577613112,200000,1723577603171,0,1723577628
2709780000000000000000,1723578213282,100000,1723578208362,0,1723578228
2714720000000000000000,1723578817682,99000,1723578812716,0,1723578852
2713000000000000000000,1723579422188,200000,1723579416935,0,1723579440
2710945000000000000000,1723580027329,1000,1723580022303,0,1723580040
2707575000000000000000,1723580631840,399000,1723580616881,0,1723580652
2708155000000000000000,1723581230570,200000,1723581225593,0,1723581252
2705790000000000000000,1723581838591,199000,1723581833501,0,1723581852
2707770000000000000000,1723582441718,299000,1723582436798,0,1723582452
2700750000000000000000,1723583045897,299000,1723583040673,0,1723583136
2697030000000000000000,1723583649242,200000,1723583639266,0,1723583664
2707910000000000000000,1723584252336,298000,1723584247337,0,1723584264
2721405000000000000000,1723584857745,100000,1723584852769,0,1723584912
2725940000000000000000,1723585464191,100000,1723585454230,0,1723585524
2723540000000000000000,1723586065764,101000,1723586060728,0,1723586172
2726690000000000000000,1723586671707,299000,1723586666678,0,1723586688
2720910000000000000000,1723587276698,99000,1723587271653,0,1723587288
2716900000000000000000,1723587873298,199000,1723587868271,0,1723587912
2722535000000000000000,1723588483309,99000,1723588478361,0,1723588500
2721040000000000000000,1723589083761,201000,1723589078680,0,1723589100
2714495000000000000000,1723589689304,99000,1723589684197,0,1723589712
2711890000000000000000,1723590289513,300000,1723590284473,0,1723590312
2707760000000000000000,1723590892816,200000,1723590882881,0,1723590912
2708450000000000000000,1723591495044,1000,1723591490020,0,1723591536
2701200000000000000000,1723592101946,200000,1723592092102,0,1723592112
2698620000000000000000,1723592702896,200000,1723592697887,0,1723592712
2703020000000000000000,1723593305325,100000,1723593295381,0,1723593324
2697670000000000000000,1723593909227,298000,1723593903958,0,1723593924
2705350000000000000000,1723594508860,99000,1723594498965,0,1723594524
2700775000000000000000,1723595115197,199000,1723595110153,0,1723595124
2697975000000000000000,1723595712016,299000,1723595706981,0,1723595736
2652735000000000000000,1724152580572,100991,1724152575305,0,1724164620
2640755000000000000000,1724162646046,99100,1724162640584,0,1724165316
2585870000000000000000,1724165816420,299001,1724165811315,0,1724165832
2559320000000000000000,1724166419770,199000,1724166414702,0,1724166660
2578430000000000000000,1724167115364,1000,1724167110331,0,1724167128
2574395000000000000000,1724173231066,98019,1724173220896,0,1724173248
2576405000000000000000,1724174441734,197029,1724174431405,0,1724174496
2577990000000000000000,1724175046615,1960,1724175041458,0,1724175060
2577955000000000000000,1724175650521,98010,1724175645320,0,1724175672
2581230000000000000000,1724176249885,299000,1724176239824,0,1724176428
2588025000000000000000,1724176855308,2070,1724176850148,0,1724176872
2591545000000000000000,1724177458944,297029,1724177453881,0,1724177472
2598010000000000000000,1724178063087,100990,1724178058000,0,1724178084
2593930000000000000000,1724178667775,98019,1724178662524,0,1724178684
2594970000000000000000,1724179267588,198019,1724179262539,0,1724179284
2595330000000000000000,1724179876672,100000,1724179871238,0,1724179908
2589660000000000000000,1724180480562,200960,1724180475396,0,1724180508
2597265000000000000000,1724181084399,199990,1724181079163,0,1724181096
2597990000000000000000,1724181684210,196129,1724181679137,0,1724181720
2597170000000000000000,1724182284322,199010,1724182279198,0,1724182308
2600545000000000000000,1724182898631,98029,1724182893666,0,1724182968
2604695000000000000000,1724183502069,198010,1724183497012,0,1724183520
2600330000000000000000,1724184105295,1000,1724184100181,0,1724184132
2604745000000000000000,1724185308031,197999,1724185302838,0,1724185332
2600795000000000000000,1724185916446,200000,1724185911212,0,1724186040
2601090000000000000000,1724186516666,198030,1724186511468,0,1724186544
2596730000000000000000,1724187121976,296009,1724187116756,0,1724187144
2589490000000000000000,1724187726302,1000,1724187721007,0,1724187744
2575465000000000000000,1724188326941,197010,1724188321712,0,1724188380
2576990000000000000000,1724188929685,100000,1724188924486,0,1724188944
2578220000000000000000,1724189537657,1000,1724189532511,0,1724189712
2578460000000000000000,1724190144319,197999,1724190134071,0,1724190168
2586700000000000000000,1724190746806,197029,1724190741825,0,1724190756
2585485000000000000000,1724191352068,199990,1724191347062,0,1724191368
2589715000000000000000,1724191956680,201000,1724191946336,0,1724191968
2587990000000000000000,1724192561958,399100,1724192556760,0,1724192676
2586715000000000000000,1724193170186,395039,1724193164820,0,1724193180
2585095000000000000000,1724193768858,198029,1724193763750,0,1724193792
2587420000000000000000,1724194377990,100000,1724194372618,0,1724194392
2585595000000000000000,1724194981905,299000,1724194976716,0,1724194992
2585310000000000000000,1724195588435,201000,1724195583163,0,1724195604
2580110000000000000000,1724196189967,101000,1724196184942,0,1724196204
2578970000000000000000,1724196795839,1090,1724196790764,0,1724196816
2579925000000000000000,1724197401358,102991,1724197396043,0,1724197416
2576690000000000000000,1724198007441,197999,1724198002257,0,1724198028
2576485000000000000000,1724198610690,99970,1724198605476,0,1724198628
2578190000000000000000,1724199215517,198110,1724199210108,0,1724199228
2583160000000000000000,1724199814953,199000,1724199809813,0,1724199840
2576065000000000000000,1724200426720,299010,1724200421570,0,1724200452
2582370000000000000000,1724201027431,200000,1724201022230,0,1724201040
2581270000000000000000,1724201632423,101000,1724201627238,0,1724201652
2574985000000000000000,1724202240364,100000,1724202235157,0,1724202252
2579300000000000000000,1724202842472,196029,1724202837331,0,1724202876
2567800000000000000000,1724203445421,100100,1724203440293,0,1724203476
2570100000000000000000,1724204047557,200990,1724204042385,0,1724204064
2574500000000000000000,1724204653361,98010,1724204648283,0,1724204664
2581465000000000000000,1724205258479,98029,1724205253379,0,1724205300
2592070000000000000000,1724205866427,1000,1724205861166,0,1724205876
2591785000000000000000,1724206468767,98980,1724206463602,0,1724206488
2590600000000000000000,1724207071518,1000,1724207066137,0,1724207124
2589075000000000000000,1724207673619,198980,1724207668525,0,1724207688
2592125000000000000000,1724208279476,2000,1724208274295,0,1724208300
2590115000000000000000,1724209487806,296029,1724209482765,0,1724209644
2593835000000000000000,1724210093202,197029,1724210087958,0,1724210400
2592200000000000000000,1724210698365,991,1724210693169,0,1724210736
2589705000000000000000,1724211303365,101000,1724211298065,0,1724211324
2589120000000000000000,1724211908839,101990,1724211903711,0,1724211948
2589800000000000000000,1724212510526,198029,1724212505358,0,1724212524
2591410000000000000000,1724213117445,99000,1724213107280,0,1724213148
2590180000000000000000,1724213720329,197029,1724213715146,0,1724213748
2592400000000000000000,1724214327207,1090,1724214321971,0,1724214372
2591515000000000000000,1724214929394,100970,1724214924237,0,1724214948
2592505000000000000000,1724215538697,101991,1724215533490,0,1724215560
2591395000000000000000,1724216146146,197029,1724216141059,0,1724216160
2593100000000000000000,1724216749045,1981,1724216743888,0,1724216760
2594470000000000000000,1724217349994,99970,1724217344639,0,1724217384
2595655000000000000000,1724217951711,99019,1724217946405,0,1724218056
2591915000000000000000,1724219166016,100990,1724219160849,0,1724219184
2593925000000000000000,1724219769834,295139,1724219764518,0,1724219796
2595385000000000000000,1724220369816,102981,1724220364477,0,1724220384
2598820000000000000000,1724220977575,101091,1724220972244,0,1724221104
2600300000000000000000,1724222186254,100990,1724222181146,0,1724222208
2602700000000000000000,1724222791214,200970,1724222786138,0,1724222844
2600880000000000000000,1724223397833,296139,1724223387297,0,1724223444
2604810000000000000000,1724224001513,197019,1724223991180,0,1724224032
2599620000000000000000,1724225816440,1070,1724225810919,0,1724225832
2596650000000000000000,1724226419945,197029,1724226414741,0,1724226432
2601490000000000000000,1724227022794,296039,1724227017551,0,1724227044
2600510000000000000000,1724227627011,1000,1724227616699,0,1724227788
2586420000000000000000,1724228225301,1000,1724228220054,0,1724228256
2587410000000000000000,1724228833939,100,1724228828989,0,1724229132
2593540000000000000000,1724229437100,99000,1724229431941,0,1724229456
2588200000000000000000,1724230044330,297139,1724230039362,0,1724230404
2587805000000000000000,1724230642100,299991,1724230631836,0,1724230692
2575465000000000000000,1724231252941,300991,1724231247733,0,1724231268
2578825000000000000000,1724231857973,299000,1724231847849,0,1724231868
2576995000000000000000,1724232462992,100000,1724232457737,0,1724232492
2575340000000000000000,1724233066097,101000,1724233061011,0,1724233080
2576990000000000000000,1724233669972,98010,1724233659656,0,1724233692
2580715000000000000000,1724234276863,297990,1724234271583,0,1724234328
2582600000000000000000,1724235486254,100000,1724235481158,0,1724235516
2581940000000000000000,1724236686286,1960,1724236681169,0,1724236716
2585640000000000000000,1724237299516,199000,1724237294392,0,1724237316
2589550000000000000000,1724237904295,101090,1724237893856,0,1724237916
2587530000000000000000,1724238507578,970,1724238502237,0,1724238576
2586340000000000000000,1724239111695,199000,1724239106627,0,1724239128
2580055000000000000000,1724239715601,100990,1724239710334,0,1724239728
2580930000000000000000,1724240926415,296129,1724240920793,0,1724240952
2578055000000000000000,1724242133601,98110,1724242128449,0,1724242164
2576265000000000000000,1724243345253,99010,1724243340152,0,1724243364
2579160000000000000000,1724243949879,201961,1724243944566,0,1724243964
2581200000000000000000,1724244551139,101000,1724244545928,0,1724244576
2578070000000000000000,1724245153803,101000,1724245148757,0,1724245260
2578990000000000000000,1724245760410,98019,1724245755315,0,1724245824
2579445000000000000000,1724246365850,99010,1724246360754,0,1724246376
2578940000000000000000,1724246973437,990,1724246963641,0,1724246988
2563710000000000000000,1724247571205,100990,1724247551101,0,1724247612
2554030000000000000000,1724248177817,100,1724248167441,0,1724248200
2596900000000000000000,1724248784569,198010,1724248779385,0,1724248812
2607600000000000000000,1724249386691,297029,1724249381538,0,1724250036
2601225000000000000000,1724250591947,296030,1724250586664,0,1724250612
2600180000000000000000,1724251801379,100000,1724251796104,0,1724251812
2591040000000000000000,1724252405245,299000,1724252400065,0,1724252436
2596020000000000000000,1724253011681,294039,1724253006367,0,1724253024
2600480000000000000000,1724254219489,199000,1724254214262,0,1724254248
2608440000000000000000,1724254824359,2090,1724254819286,0,1724254836
2602400000000000000000,1724256038167,1100,1724256032910,0,1724256048
2597945000000000000000,1724256643771,202000,1724256638776,0,1724256696
2603470000000000000000,1724257249326,100000,1724257244204,0,1724257272
2603965000000000000000,1724257850822,299000,1724257845764,0,1724257872
2604400000000000000000,1724258455936,102100,1724258450548,0,1724258592
2605620000000000000000,1724259062033,1100,1724259056936,0,1724259108
2606475000000000000000,1724259663911,201990,1724259658862,0,1724260080
2604135000000000000000,1724260268071,100990,1724260262937,0,1724260308
2616120000000000000000,1724260869326,200010,1724260864179,0,1724260884
2627310000000000000000,1724261475981,100,1724261470278,0,1724261496
2622300000000000000000,1724262079759,398000,1724262064724,0,1724262108
2629025000000000000000,1724262682958,1000,1724262677787,0,1724262696
2629700000000000000000,1724263288447,2090,1724263283361,0,1724263308
2627510000000000000000,1724263891488,101090,1724263881329,0,1724263908
2635765000000000000000,1724264495813,98110,1724264490317,0,1724264508
2639930000000000000000,1724265095607,102100,1724265090314,0,1724265324
2641100000000000000000,1724267010351,97129,1724267005270,0,1724267088
2645000000000000000000,1724267704251,102100,1724267694458,0,1724267856
2633645000000000000000,1724268445809,1000,1724268440522,0,1724268492
2641600000000000000000,1724269102933,101000,1724269097718,0,1724269260
2642830000000000000000,1724269851654,101000,1724269841476,0,1724269992
2655335000000000000000,1724270584486,197010,1724270579322,0,1724270628
2651200000000000000000,1724271190964,101000,1724271185918,0,1724271216
2644985000000000000000,1724271797351,99020,1724271792047,0,1724271816
2640650000000000000000,1724272415689,99010,1724272410528,0,1724272464
2638165000000000000000,1724273048284,196039,1724273038078,0,1724273064
2630685000000000000000,1724274257071,98029,1724274251860,0,1724274288
2626235000000000000000,1724274863129,395039,1724274857845,0,1724274888
2641525000000000000000,1724275471350,301000,1724275466410,0,1724275500
2643820000000000000000,1724276094692,990,1724276089617,0,1724276112
2640820000000000000000,1724276701158,1990,1724276695629,0,1724276796
2641000000000000000000,1724277317409,100000,1724277311962,0,1724277360
2640060000000000000000,1724277942592,198010,1724277922821,0,1724277972
2635500000000000000000,1724278544022,99000,1724278538893,0,1724278560
2636870000000000000000,1724279150010,296029,1724279144835,0,1724279160
2641625000000000000000,1724279757072,1000,1724279751963,0,1724279772
2634000000000000000000,1724280360637,199000,1724280350418,0,1724280384
2634600000000000000000,1724280966466,1060,1724280961265,0,1724280984
2628400000000000000000,1724281572947,1060,1724281567924,0,1724281584
2633760000000000000000,1724282176090,97029,1724282171111,0,1724282196
2629380000000000000000,1724282780124,1000,1724282775049,0,1724282796
2623855000000000000000,1724283384414,1990,1724283379237,0,1724283408
2626715000000000000000,1724283986664,198029,1724283981695,0,1724284008
2629835000000000000000,1724284589436,98010,1724284584263,0,1724284632
2631340000000000000000,1724285195928,198119,1724285185555,0,1724285208
2632870000000000000000,1724285800954,100000,1724285795689,0,1724285820
2632900000000000000000,1724286408010,2960,1724286402712,0,1724286420
2640400000000000000000,1724287012899,101000,1724287007428,0,1724287116
2632440000000000000000,1724287617093,196029,1724287611924,0,1724287656
2631945000000000000000,1724288221201,199019,1724288215988,0,1724288232
2625505000000000000000,1724288824397,396030,1724288819384,0,1724288844
2628860000000000000000,1724289429049,195039,1724289424044,0,1724289492
2630675000000000000000,1724290037439,197089,1724290032233,0,1724290068
2629825000000000000000,1724290640543,99000,1724290635417,0,1724290656
2625700000000000000000,1724291242201,2100,1724291237191,0,1724291292
2627410000000000000000,1724291845259,198019,1724291840078,0,1724291856
2624300000000000000000,1724292450490,1960,1724292440095,0,1724292468
2618185000000000000000,1724294265931,397129,1724294260845,0,1724294460
2612890000000000000000,1724294870584,1991,1724294860320,0,1724294892
2600510000000000000000,1724295476504,1951,1724295471343,0,1724295492
2604400000000000000000,1724296077954,199010,1724296072759,0,1724296092
2607300000000000000000,1724296675846,991,1724296670443,0,1724296692
2611090000000000000000,1724297286022,101990,1724297280937,0,1724297304
2609000000000000000000,1724297888242,100,1724297883015,0,1724297916
2609120000000000000000,1724298495078,98010,1724298489812,0,1724298648
2615700000000000000000,1724299098487,990,1724299093425,0,1724299116
2615490000000000000000,1724299704958,3081,1724299699736,0,1724299728
2616600000000000000000,1724300312137,990,1724300306962,0,1724300328
2618420000000000000000,1724300915961,1990,1724300905839,0,1724300988
2621180000000000000000,1724301521538,298010,1724301516427,0,1724301552
2620735000000000000000,1724302121324,1990,1724302115918,0,1724302236
2625200000000000000000,1724302730359,990,1724302720107,0,1724302788
2620565000000000000000,1724303336942,197029,1724303331906,0,1724303352
2622690000000000000000,1724303942753,101981,1724303937596,0,1724303976
2623445000000000000000,1724304547410,99990,1724304542414,0,1724304564
2623075000000000000000,1724305154807,200090,1724305149599,0,1724305212
2618200000000000000000,1724305760586,2990,1724305755475,0,1724305788
2620430000000000000000,1724306362813,197029,1724306357957,0,1724306376
2627200000000000000000,1724306966500,201000,1724306961304,0,1724307000
2625630000000000000000,1724308175324,201960,1724308170173,0,1724308200
2624560000000000000000,1724308779962,199019,1724308774744,0,1724308896
2629000000000000000000,1724310584907,101090,1724310579898,0,1724310600
2631965000000000000000,1724311181836,1960,1724311166110,0,1724311200
2632280000000000000000,1724311877286,199110,1724311872321,0,1724311968
2631470000000000000000,1724312485352,1990,1724312480308,0,1724312496
2633660000000000000000,1724313089177,100000,1724313084145,0,1724313264
2638200000000000000000,1724313691029,1090,1724313686071,0,1724314032
2633565000000000000000,1724314297741,99000,1724314292446,0,1724314308
2634700000000000000000,1724314902786,100,1724314897680,0,1724314920
2637730000000000000000,1724315506607,296099,1724315501636,0,1724315520
2640100000000000000000,1724316112181,200990,1724316107095,0,1724316132
2635300000000000000000,1724317317440,990,1724317312359,0,1724317332
2631805000000000000000,1724317923310,198019,1724317918266,0,1724317932
2629595000000000000000,1724319132038,396039,1724319117001,0,1724319144
2627600000000000000000,1724320338866,1990,1724320333880,0,1724320356
2623955000000000000000,1724320941081,198010,1724320931586,0,1724320956
2626700000000000000000,1724321545754,199010,1724321540767,0,1724321568
2629065000000000000000,1724322151315,97129,1724322146295,0,1724322360
2633420000000000000000,1724322758077,98129,1724322753129,0,1724322768
2637420000000000000000,1724323364988,98010,1724323359987,0,1724323380
2635585000000000000000,1724323961905,101990,1724323956890,0,1724324016
2637940000000000000000,1724324573559,99960,1724324563969,0,1724324592
2637945000000000000000,1724325175581,102000,1724325170530,0,1724325192
2633630000000000000000,1724325778597,1090,1724325773590,0,1724325804
2638130000000000000000,1724326385567,298029,1724326380464,0,1724326404
2639315000000000000000,1724326988761,99000,1724326983737,0,1724327004
2642620000000000000000,1724327590439,100,1724327585485,0,1724327604
2644300000000000000000,1724328192213,102081,1724328182150,0,1724328204
2636900000000000000000,1724328795567,960,1724328790394,0,1724328828
2635500000000000000000,1724329398118,195999,1724329392956,0,1724329416
2631990000000000000000,1724330005241,98010,1724330000385,0,1724330016
2628995000000000000000,1724331217982,1000,1724331213032,0,1724331228
2626680000000000000000,1724331820203,199000,1724331810288,0,1724331840
2620620000000000000000,1724332421355,197029,1724332416388,0,1724332464
2624215000000000000000,1724333030201,1960,1724333025214,0,1724333040
2629655000000000000000,1724333627662,97029,1724333622646,0,1724333652
2624400000000000000000,1724334237396,97029,1724334232399,0,1724334672
2622245000000000000000,1724334835400,1960,1724334825259,0,1724334852
2615675000000000000000,1724335437792,100000,1724335432790,0,1724335464
2613135000000000000000,1724336045327,97029,1724336040389,0,1724336064
2615100000000000000000,1724336737855,100991,1724336732662,0,1724336760
2617920000000000000000,1724337348127,199001,1724337342945,0,1724337360
2602390000000000000000,1724338108073,98010,1724338102940,0,1724338116
2608100000000000000000,1724338713151,100,1724338708015,0,1724338728
2612600000000000000000,1724339318684,198989,1724339313605,0,1724339328
2608285000000000000000,1724339919196,2991,1724339914198,0,1724339940
2600765000000000000000,1724341126519,99000,1724341121416,0,1724341152
2593055000000000000000,1724341730168,98110,1724341725057,0,1724341740
2599215000000000000000,1724342330947,100060,1724342325684,0,1724342352
2601435000000000000000,1724342932909,100000,1724342927520,0,1724342952
2600600000000000000000,1724343534148,396960,1724343519251,0,1724343552
2608790000000000000000,1724344138862,105002,1724344133788,0,1724344152
2614410000000000000000,1724344749579,199110,1724344744470,0,1724344800
2611840000000000000000,1724345367900,201990,1724345362578,0,1724345400
2605900000000000000000,1724345990157,102000,1724345985292,0,1724346012
2610600000000000000000,1724346601415,100000,1724346596114,0,1724346828
2612315000000000000000,1724347205924,99079,1724347200693,0,1724347224
2611155000000000000000,1724347808891,199950,1724347803651,0,1724347824
2609055000000000000000,1724348415043,102891,1724348409798,0,1724348436
2606460000000000000000,1724349020480,199970,1724349015377,0,1724349072
2603585000000000000000,1724349627119,101040,1724349621943,0,1724349648
2607585000000000000000,1724350231796,294049,1724350226662,0,1724350248
2616500000000000000000,1724350837765,3911,1724350832509,0,1724351040
2614510000000000000000,1724351445069,296039,1724351439868,0,1724351472
2614875000000000000000,1724352044371,199070,1724352039178,0,1724352060
2614300000000000000000,1724352652629,100990,1724352647598,0,1724352672
2607405000000000000000,1724353259223,97029,1724353254150,0,1724353284
2608115000000000000000,1724353862531,98029,1724353857389,0,1724353884
2605700000000000000000,1724354477806,990,1724354472864,0,1724354592
2603745000000000000000,1724355075546,98970,1724355070394,0,1724355096
2605200000000000000000,1724355686107,198110,1724355681043,0,1724355696
2608600000000000000000,1724356278427,3921,1724356273279,0,1724356524
2607620000000000000000,1724356885789,197029,1724356865884,0,1724356908
2611780000000000000000,1724357498151,202050,1724357492989,0,1724357508
2610560000000000000000,1724358104279,1000,1724358099199,0,1724358132
2612050000000000000000,1724358706155,199932,1724358700867,0,1724358732
2612125000000000000000,1724359310413,295039,1724359305347,0,1724359320
2612600000000000000000,1724359912820,100,1724359907674,0,1724359932
2623880000000000000000,1724360517161,203911,1724360502204,0,1724360532
2620190000000000000000,1724361122836,198010,1724361117661,0,1724361144
2617285000000000000000,1724361725925,199110,1724361720553,0,1724361744
2625820000000000000000,1724362330391,990,1724362325308,0,1724362344
2624360000000000000000,1724362935131,200991,1724362929857,0,1724362956
2625650000000000000000,1724363538252,100,1724363533229,0,1724363556
2625420000000000000000,1724364142571,197129,1724364137427,0,1724364156
2623320000000000000000,1724364749173,99110,1724364744099,0,1724364780
2623540000000000000000,1724365355879,199010,1724365350580,0,1724365380
2624850000000000000000,1724365958850,100000,1724365953756,0,1724365980
2622280000000000000000,1724366562561,101100,1724366557338,0,1724366580
2624325000000000000000,1724367168670,495040,1724367163467,0,1724367180
2623300000000000000000,1724367772183,102100,1724367767296,0,1724367792
2621280000000000000000,1724368375615,198011,1724368370361,0,1724368392
2621905000000000000000,1724368979206,199010,1724368964405,0,1724368992
2624560000000000000000,1724369581260,102000,1724369576104,0,1724369604
2623750000000000000000,1724370180119,299089,1724370175013,0,1724370204
2623090000000000000000,1724370789140,990,1724370783978,0,1724370804
2623190000000000000000,1724371392892,198029,1724371387750,0,1724371404
2626930000000000000000,1724371998077,200000,1724371992859,0,1724372016
2629300000000000000000,1724372601811,201031,1724372596565,0,1724372616
2639055000000000000000,1724373204729,101091,1724373199587,0,1724373240
2646665000000000000000,1724373811775,99970,1724373806656,0,1724373840
2640570000000000000000,1724375020459,199000,1724375015329,0,1724375064
2641460000000000000000,1724375623126,100001,1724375618158,0,1724375640
2639430000000000000000,1724376227510,200960,1724376222355,0,1724376240
2635090000000000000000,1724376830322,198020,1724376824952,0,1724376864
2640380000000000000000,1724378035345,990,1724378025053,0,1724378052
2638060000000000000000,1724378638957,103021,1724378633857,0,1724378664
2641300000000000000000,1724379238722,197029,1724379233543,0,1724379264
2640190000000000000000,1724379848225,197029,1724379842930,0,1724379864
2639535000000000000000,1724380451211,302021,1724380446070,0,1724380464
2638840000000000000000,1724381054240,299000,1724381049015,0,1724381064
2636520000000000000000,1724381653768,101910,1724381648563,0,1724382060
2638060000000000000000,1724382865958,3881,1724382860144,0,1724382888
2637300000000000000000,1724384071761,100990,1724384066587,0,1724384100
2635360000000000000000,1724384680474,100000,1724384675268,0,1724384700
2637440000000000000000,1724385282956,99000,1724385277898,0,1724385300
2638700000000000000000,1724385885599,991,1724385880438,0,1724385900
2638660000000000000000,1724386492475,103912,1724386487412,0,1724386512
2638660000000000000000,1724387097159,100960,1724387091928,0,1724387112
2637000000000000000000,1724388304176,197129,1724388298920,0,1724388324
2637600000000000000000,1724388908150,296020,1724388903025,0,1724388936
2644805000000000000000,1724389512520,98010,1724389507418,0,1724389572
2653700000000000000000,1724390115577,1000,1724390110427,0,1724390124
2671330000000000000000,1724390712362,990,1724390707177,0,1724390748
2669950000000000000000,1724391320082,100960,1724391314886,0,1724391336
2666700000000000000000,1724391921673,1090,1724391916683,0,1724391936
2671460000000000000000,1724392525258,100000,1724392520136,0,1724392536
2680300000000000000000,1724393125132,299100,1724393120102,0,1724393172
2678310000000000000000,1724393732589,297029,1724393727428,0,1724393748
2675340000000000000000,1724394336011,102990,1724394330782,0,1724394360
2672395000000000000000,1724394937575,198010,1724394932302,0,1724395416
2674360000000000000000,1724395541927,199010,1724395536685,0,1724395560
2684880000000000000000,1724396146831,4041,1724396141702,0,1724396160
2683400000000000000000,1724396753777,1990,1724396748637,0,1724396772
2679510000000000000000,1724397358265,200941,1724397353126,0,1724397372
2673700000000000000000,1724397959792,960,1724397954593,0,1724398056
2671475000000000000000,1724398565286,196989,1724398554885,0,1724398644
2671440000000000000000,1724399170205,293049,1724399165095,0,1724399184
2671435000000000000000,1724399776296,101061,1724399765833,0,1724399796
2669245000000000000000,1724400985463,103021,1724400980191,0,1724401008
2674240000000000000000,1724402196533,98010,1724402191455,0,1724402208
2675515000000000000000,1724402798976,201921,1724402788714,0,1724402820
2672885000000000000000,1724403405764,99010,1724403400546,0,1724403456
2672740000000000000000,1724404010428,197989,1724404005300,0,1724404224
2675420000000000000000,1724404613183,101991,1724404607966,0,1724404644
2672400000000000000000,1724405216129,198019,1724405210894,0,1724405244
2677340000000000000000,1724405816348,98110,1724405811245,0,1724405832
2667215000000000000000,1724406426717,99070,1724406421457,0,1724406444
2667850000000000000000,1724407029838,101000,1724407024601,0,1724407044
2670225000000000000000,1724407635090,97029,1724407629799,0,1724407716
2669735000000000000000,1724408236811,197029,1724408231751,0,1724408256
2669045000000000000000,1724408847936,100960,1724408842872,0,1724408892
2670935000000000000000,1724409454151,1960,1724409448930,0,1724409468
2669270000000000000000,1724410061066,100990,1724410055801,0,1724410080
2667480000000000000000,1724410658031,1000,1724410652906,0,1724410704
2661780000000000000000,1724411265881,1091,1724411260638,0,1724411508
2657130000000000000000,1724411871325,198089,1724411861011,0,1724411916
2657630000000000000000,1724412477137,195039,1724412471800,0,1724412504
2655040000000000000000,1724413079980,199110,1724413074876,0,1724413092
2655465000000000000000,1724413681342,200961,1724413676023,0,1724413692
2653460000000000000000,1724414286776,103090,1724414276209,0,1724414328
2658810000000000000000,1724414880383,101000,1724414875325,0,1724414916
2658050000000000000000,1724415496364,990,1724415486071,0,1724415540
2657455000000000000000,1724416102291,101000,1724416091892,0,1724416128
2659900000000000000000,1724416709425,199000,1724416704194,0,1724416740
2664925000000000000000,1724417314445,102051,1724417309231,0,1724417340
2666400000000000000000,1724417916473,4881,1724417911443,0,1724417940
2666365000000000000000,1724418526070,196020,1724418515593,0,1724418540
2662685000000000000000,1724419127092,100990,1724419122023,0,1724419620
2659180000000000000000,1724419730869,198010,1724419725722,0,1724419752
2654610000000000000000,1724420334345,198951,1724420328956,0,1724420352
2655460000000000000000,1724420938555,991,1724420933454,0,1724420952
2654560000000000000000,1724421543767,99010,1724421538536,0,1724421576
2678540000000000000000,1724422146792,104902,1724422141669,0,1724422176
2671745000000000000000,1724422749456,100000,1724422744268,0,1724422764
2683800000000000000000,1724423354282,1990,1724423349099,0,1724423376
2642600000000000000000,1724424559875,202921,1724424554498,0,1724424660
2648190000000000000000,1724425165778,201931,1724425160461,0,1724425188
2659310000000000000000,1724425767677,101000,1724425762410,0,1724425788
2661365000000000000000,1724426372517,397029,1724426367314,0,1724426388
2663460000000000000000,1724426978686,201040,1724426973398,0,1724427084
2672955000000000000000,1724427581388,199010,1724427576208,0,1724427612
2679735000000000000000,1724428187275,101951,1724428182263,0,1724428200
2670840000000000000000,1724428790894,101000,1724428785763,0,1724428812
2675700000000000000000,1724429395614,205881,1724429390567,0,1724429412
2672270000000000000000,1724430000985,299960,1724429995808,0,1724430036
2668445000000000000000,1724430603410,98010,1724430598302,0,1724430624
2675820000000000000000,1724431209900,196020,1724431204653,0,1724431224
2672925000000000000000,1724431811185,296020,1724431806136,0,1724431824
2679455000000000000000,1724432417925,99991,1724432412594,0,1724432436
2686365000000000000000,1724433629210,296039,1724433624186,0,1724433648
2679525000000000000000,1724434235016,99950,1724434229882,0,1724434248
2683900000000000000000,1724434832098,3050,1724434826938,0,1724434848
2726460000000000000000,1724435435845,296989,1724435430694,0,1724435460
2737085000000000000000,1724436045343,102090,1724436040130,0,1724436072
2720415000000000000000,1724436650942,99010,1724436645860,0,1724436672
2725565000000000000000,1724437255973,98029,1724437246252,0,1724437272
2721600000000000000000,1724437857691,101000,1724437852625,0,1724437884
2732200000000000000000,1724438462740,4912,1724438457521,0,1724438484
2730670000000000000000,1724439070429,102921,1724439065402,0,1724439084
2723330000000000000000,1724439674521,102000,1724439669446,0,1724439696
2730445000000000000000,1724440279044,298030,1724440273633,0,1724440320
2742050000000000000000,1724440885606,100089,1724440880278,0,1724440896
2741840000000000000000,1724441490715,1990,1724441485657,0,1724441508
2743930000000000000000,1724442095486,198010,1724442090411,0,1724442108
2744820000000000000000,1724442697481,98010,1724442692386,0,1724442732
2749990000000000000000,1724443309136,101000,1724443303974,0,1724443332
2751920000000000000000,1724443914582,103881,1724443909387,0,1724443944
2755200000000000000000,1724444519938,196999,1724444514877,0,1724444532
2752925000000000000000,1724445125560,294049,1724445115301,0,1724445144
2752460000000000000000,1724445733286,201100,1724445728033,0,1724445744
2753060000000000000000,1724446339099,200000,1724446334053,0,1724446356
2757190000000000000000,1724446945484,3881,1724446940502,0,1724446956
2759900000000000000000,1724447548842,1960,1724447543738,0,1724447604
2768635000000000000000,1724448153478,98029,1724448148258,0,1724448168
2769985000000000000000,1724448758381,296029,1724448753259,0,1724448804
2772260000000000000000,1724449363692,199000,1724449358440,0,1724449416
2773210000000000000000,1724449968215,101951,1724449962979,0,1724450004
2774990000000000000000,1724450571283,101990,1724450556012,0,1724450592
2778140000000000000000,1724451175761,2990,1724451170547,0,1724451204
2785590000000000000000,1724451786294,198950,1724451780962,0,1724451804
2789890000000000000000,1724452390672,100000,1724452385360,0,1724452404
2781135000000000000000,1724452999206,104911,1724452994162,0,1724453016
2774190000000000000000,1724453603761,198010,1724453598669,0,1724453616
2769700000000000000000,1724454207348,100991,1724454202196,0,1724454228
2767075000000000000000,1724454811327,100010,1724454800905,0,1724454828
2770480000000000000000,1724455415696,197110,1724455410456,0,1724455428
2768870000000000000000,1724456017573,1990,1724456012428,0,1724456028
2767185000000000000000,1724456620878,300940,1724456615504,0,1724456652
2759960000000000000000,1724457226984,199010,1724457221998,0,1724457240
2767875000000000000000,1724457832126,100970,1724457826934,0,1724457852
2759430000000000000000,1724458438045,298110,1724458432903,0,1724458464
2760790000000000000000,1724459042698,100,1724459037541,0,1724459064
2754600000000000000000,1724459645379,4941,1724459640024,0,1724459676
2762865000000000000000,1724460252290,100119,1724460247092,0,1724460264
2763715000000000000000,1724460853280,301000,1724460848112,0,1724460876
2756260000000000000000,1724461456222,100000,1724461451186,0,1724461488
2754055000000000000000,1724462062153,101100,1724462056933,0,1724462076
2750080000000000000000,1724462666641,297010,1724462656314,0,1724462676
2750890000000000000000,1724463266550,100100,1724463256357,0,1724463288
2744940000000000000000,1724463873745,200960,1724463868472,0,1724463900
2753800000000000000000,1724464480853,198010,1724464475657,0,1724464500
2755730000000000000000,1724465085344,990,1724465080285,0,1724465100
2757655000000000000000,1724465690347,100010,1724465685292,0,1724465712
2756595000000000000000,1724466292143,99070,1724466286958,0,1724466312
2755110000000000000000,1724466898752,1990,1724466893612,0,1724466948
2755165000000000000000,1724467503782,200000,1724467498667,0,1724467524
2755260000000000000000,1724468110086,100990,1724468104865,0,1724468136
2754905000000000000000,1724468708518,295149,1724468703422,0,1724468748
2754415000000000000000,1724469319479,100000,1724469314508,0,1724469336
2751830000000000000000,1724469925703,198019,1724469920627,0,1724470044
2753780000000000000000,1724470532877,98129,1724470527701,0,1724470548
2750315000000000000000,1724471135092,198110,1724471129801,0,1724471172
2749155000000000000000,1724471741937,97129,1724471736741,0,1724471760
2749200000000000000000,1724472348158,1981,1724472342912,0,1724472360
2751565000000000000000,1724472954553,100100,1724472949370,0,1724473020
2746440000000000000000,1724473557349,991,1724473552296,0,1724473572
2749355000000000000000,1724474162186,97029,1724474157218,0,1724474184
2749450000000000000000,1724474764597,199019,1724474759643,0,1724474796
2748470000000000000000,1724475364218,202891,1724475359000,0,1724475384
2747800000000000000000,1724475970823,3950,1724475961381,0,1724475984
2751270000000000000000,1724476574329,97029,1724476569184,0,1724476584
2754860000000000000000,1724477176518,100000,1724477171316,0,1724477280
2751530000000000000000,1724477779969,103981,1724477770361,0,1724477868
2751970000000000000000,1724478381170,100000,1724478376080,0,1724478408
2755905000000000000000,1724478984305,102031,1724478979150,0,1724478996
2758840000000000000000,1724479586566,198029,1724479581319,0,1724479620
2756850000000000000000,1724480190149,298951,1724480184627,0,1724480208
2758880000000000000000,1724480795468,202040,1724480790260,0,1724480808
2760365000000000000000,1724481398049,101950,1724481392903,0,1724481408
2761700000000000000000,1724481993823,990,1724481988641,0,1724482032
2758330000000000000000,1724482604783,100000,1724482599577,0,1724482620
2760360000000000000000,1724483211503,1100,1724483206329,0,1724483232
2760390000000000000000,1724483816954,196030,1724483811592,0,1724483832
2761475000000000000000,1724484420241,99110,1724484410000,0,1724484432
2758700000000000000000,1724485021792,100,1724485016460,0,1724485032
2760680000000000000000,1724485628468,98010,1724485623480,0,1724485668
2758690000000000000000,1724486233757,98970,1724486223728,0,1724486256
2760425000000000000000,1724486833170,101100,1724486828004,0,1724486856
2761410000000000000000,1724487439315,197029,1724487433969,0,1724487456
2759865000000000000000,1724488041430,198029,1724488036148,0,1724488056
2762975000000000000000,1724488639834,199010,1724488634837,0,1724488692
2764200000000000000000,1724489250698,3000,1724489245353,0,1724489268
2775460000000000000000,1724489856772,99989,1724489851437,0,1724489868
2774135000000000000000,1724490452645,196020,1724490447472,0,1724490480
2771100000000000000000,1724491062471,202921,1724491057363,0,1724491092
2774730000000000000000,1724491659291,301000,1724491654221,0,1724491692
2771920000000000000000,1724492264853,101000,1724492259615,0,1724492280
2769270000000000000000,1724492868891,100100,1724492863826,0,1724492880
2776300000000000000000,1724493470768,100100,1724493465570,0,1724493492
2772830000000000000000,1724494072072,201000,1724494066948,0,1724494092
2773600000000000000000,1724494682709,199000,1724494677580,0,1724494704
2776860000000000000000,1724495288985,97029,1724495283911,0,1724495304
2776935000000000000000,1724495890511,99010,1724495885401,0,1724495916
2767090000000000000000,1724497107672,100000,1724497102762,0,1724497152
2767400000000000000000,1724498921577,4021,1724498916539,0,1724498940
2767220000000000000000,1724499527395,200000,1724499522300,0,1724499540
2762270000000000000000,1724500134295,100960,1724500124024,0,1724500152
2758475000000000000000,1724500736727,98110,1724500731523,0,1724500968
2761335000000000000000,1724501341331,296039,1724501336289,0,1724501376
2759010000000000000000,1724501948545,198110,1724501943425,0,1724502012
2762930000000000000000,1724502555496,299070,1724502550343,0,1724502576
2765650000000000000000,1724503159227,200001,1724503153980,0,1724503176
2758155000000000000000,1724503767536,104021,1724503762341,0,1724503776
2758700000000000000000,1724504972095,960,1724504967054,0,1724504988
2759740000000000000000,1724505578092,100000,1724505573076,0,1724505588
2761100000000000000000,1724506184119,990,1724506178831,0,1724506644
2762820000000000000000,1724506787656,101950,1724506782371,0,1724506800
2757290000000000000000,1724507390223,201960,1724507384845,0,1724507412
2759515000000000000000,1724507993406,202022,1724507988288,0,1724508012
2757170000000000000000,1724508596031,101000,1724508585696,0,1724508612
2757500000000000000000,1724509203314,198029,1724509198004,0,1724509392
2762705000000000000000,1724509809355,197989,1724509804202,0,1724509824
2760500000000000000000,1724510413685,102000,1724510403443,0,1724510436
2758195000000000000000,1724511020210,100000,1724511015203,0,1724511036
2759300000000000000000,1724511622692,100000,1724511617524,0,1724511636
2759135000000000000000,1724512229235,104911,1724512223962,0,1724512248
2759345000000000000000,1724512836145,104881,1724512825835,0,1724512872
2757875000000000000000,1724513447826,2000,1724513442744,0,1724513460
2760060000000000000000,1724514054182,97029,1724514048987,0,1724514072
2759855000000000000000,1724514650438,97029,1724514645302,0,1724514672
2763145000000000000000,1724515259770,98010,1724515254424,0,1724515272
2768590000000000000000,1724515864848,2000,1724515850020,0,1724515884
2771690000000000000000,1724516469911,101100,1724516464795,0,1724516484
2809040000000000000000,1724517074733,196039,1724517069563,0,1724517096
2819645000000000000000,1724517677509,100960,1724517672318,0,1724517708
2810355000000000000000,1724518284959,1000,1724518279814,0,1724518488
2809840000000000000000,1724518888206,102921,1724518882934,0,1724518908
2810500000000000000000,1724519497618,199019,1724519492335,0,1724519508
2804110000000000000000,1724520101535,4881,1724520096273,0,1724520192
2791925000000000000000,1724520704783,101000,1724520699832,0,1724520756
2796290000000000000000,1724521307958,990,1724521302525,0,1724521320
2797205000000000000000,1724521912406,195039,1724521907305,0,1724522028
2785425000000000000000,1724522514149,98970,1724522509007,0,1724522532
2776200000000000000000,1724523118450,104912,1724523113155,0,1724523132
2797070000000000000000,1724523722952,297029,1724523717926,0,1724523792
2799100000000000000000,1724524325834,1000,1724524320578,0,1724524368
2783340000000000000000,1724524930479,2090,1724524925495,0,1724524980
2788765000000000000000,1724525534942,98010,1724525529732,0,1724525556
2786810000000000000000,1724526136654,299100,1724526131438,0,1724526276
2791200000000000000000,1724526742145,100000,1724526737076,0,1724526816
2794995000000000000000,1724527351232,100100,1724527346018,0,1724527404
2801600000000000000000,1724527955172,3881,1724527950092,0,1724527968
2796500000000000000000,1724528552307,202000,1724528547054,0,1724528568
2796100000000000000000,1724529162347,100019,1724529157083,0,1724529324
2795240000000000000000,1724529762311,296029,1724529757294,0,1724529876
2792050000000000000000,1724530372062,97029,1724530366991,0,1724530416
2803050000000000000000,1724530976837,97029,1724530971797,0,1724531004
2804715000000000000000,1724531583916,99000,1724531578788,0,1724531616
2800630000000000000000,1724532189334,99010,1724532183964,0,1724532204
2798675000000000000000,1724532795394,98010,1724532785196,0,1724532816
2788150000000000000000,1724533394555,101000,1724533389208,0,1724533416
2780965000000000000000,1724534005556,293049,1724534000396,0,1724534016
2782620000000000000000,1724534610733,1100,1724534605368,0,1724534628
2776350000000000000000,1724535214934,197020,1724535209918,0,1724535228
2764100000000000000000,1724535816846,201000,1724535806512,0,1724535828
2767430000000000000000,1724536422164,300931,1724536417111,0,1724536440
2754750000000000000000,1724537023196,105902,1724537017929,0,1724537052
2745720000000000000000,1724537628185,101000,1724537623034,0,1724537640
2758660000000000000000,1724538234622,295039,1724538229389,0,1724538252
2751600000000000000000,1724538839065,2000,1724538833862,0,1724538864
2756420000000000000000,1724539433101,1000,1724539428034,0,1724539476
2752870000000000000000,1724540047259,4911,1724540042152,0,1724540064
2755330000000000000000,1724540651445,100,1724540646386,0,1724540676
2759230000000000000000,1724541256514,196980,1724541251322,0,1724541288
2757985000000000000000,1724541853744,99110,1724541848605,0,1724541924
2762100000000000000000,1724542465350,200000,1724542460310,0,1724542476
2758700000000000000000,1724543070201,198019,1724543065120,0,1724543100
2765630000000000000000,1724543676255,198010,1724543671045,0,1724543688
2769380000000000000000,1724544282115,98970,1724544277020,0,1724544300
2771340000000000000000,1724544886761,199010,1724544876546,0,1724544912
2777025000000000000000,1724545492598,101931,1724545487407,0,1724545524
2772495000000000000000,1724546096050,100990,1724546090855,0,1724546172
2765400000000000000000,1724546701216,100000,1724546696254,0,1724546712
2759380000000000000000,1724547307626,2950,1724547302342,0,1724547360
2764000000000000000000,1724547912457,2950,1724547907296,0,1724548092
2758805000000000000000,1724548517965,298120,1724548512738,0,1724548536
2770125000000000000000,1724549119793,297989,1724549114865,0,1724549136
2761150000000000000000,1724549730233,1990,1724549719904,0,1724549748
2754735000000000000000,1724550335332,299960,1724550330131,0,1724550348
2760895000000000000000,1724550938255,198010,1724550933231,0,1724550948
2761140000000000000000,1724551543441,1000,1724551538520,0,1724551560
2765430000000000000000,1724552750766,101990,1724552745711,0,1724552832
2766400000000000000000,1724553355710,201100,1724553350749,0,1724553372
2766990000000000000000,1724553961416,103911,1724553956087,0,1724553996
2765740000000000000000,1724554566344,98019,1724554561347,0,1724554584
2762695000000000000000,1724555169392,198019,1724555164319,0,1724555184
2765370000000000000000,1724555772221,1091,1724555767081,0,1724555796
2760155000000000000000,1724556374431,198080,1724556369382,0,1724556384
2759220000000000000000,1724556971762,101000,1724556966626,0,1724557008
2758175000000000000000,1724557583153,100100,1724557578237,0,1724557620
2761300000000000000000,1724558189577,100000,1724558184535,0,1724558208
2761455000000000000000,1724558787254,198010,1724558782004,0,1724558820
2758130000000000000000,1724559395608,1981,1724559390429,0,1724559408
2762200000000000000000,1724559996941,960,1724559991965,0,1724560020
2766530000000000000000,1724560601115,2000,1724560595892,0,1724560620
2768150000000000000000,1724561207497,297129,1724561202227,0,1724561220
2769645000000000000000,1724561811271,99119,1724561806371,0,1724561820
2767305000000000000000,1724562414098,99010,1724562408781,0,1724562432
2768195000000000000000,1724563020023,100000,1724563014968,0,1724563068
2769520000000000000000,1724563622679,102091,1724563612595,0,1724563656
2769545000000000000000,1724564226352,196039,1724564221199,0,1724564244
2766465000000000000000,1724564831540,199010,1724564826462,0,1724564844
2763200000000000000000,1724565434797,199110,1724565429867,0,1724565456
2761030000000000000000,1724566037786,199000,1724566032667,0,1724566056
2760040000000000000000,1724566640636,100960,1724566630425,0,1724566668
2761630000000000000000,1724567245476,196990,1724567240262,0,1724567256
2760800000000000000000,1724567849376,1000,1724567844287,0,1724567880
2758805000000000000000,1724568453783,97129,1724568448634,0,1724568468
2754760000000000000000,1724569057969,196129,1724569052693,0,1724569080
2752040000000000000000,1724569664802,102050,1724569659591,0,1724569680
2743575000000000000000,1724570272158,198029,1724570266973,0,1724570292
2749550000000000000000,1724570874867,100000,1724570869748,0,1724570892
2737120000000000000000,1724571479263,200991,1724571474209,0,1724571492
2740745000000000000000,1724572080882,100100,1724572075775,0,1724572092
2748910000000000000000,1724573290753,103892,1724573285756,0,1724573304
2752360000000000000000,1724574498722,198010,1724574493692,0,1724574516
2751290000000000000000,1724575102483,99010,1724575097408,0,1724575140
2751000000000000000000,1724575708859,100000,1724575703720,0,1724575740
2751200000000000000000,1724576309754,2892,1724576304562,0,1724576340
2751745000000000000000,1724576919101,100000,1724576913756,0,1724576928
2748780000000000000000,1724577524898,100,1724577519599,0,1724577540
2750775000000000000000,1724578126536,100000,1724578121287,0,1724578140
2749760000000000000000,1724578733029,3892,1724578727813,0,1724578752
2755700000000000000000,1724579333762,990,1724579328756,0,1724579364
2758175000000000000000,1724579937559,99010,1724579932259,0,1724579952
2754600000000000000000,1724580543830,960,1724580538663,0,1724580588
2761150000000000000000,1724581148373,1000,1724581143249,0,1724581176
2757870000000000000000,1724581752104,101000,1724581747216,0,1724581764
2751725000000000000000,1724582358441,101100,1724582353171,0,1724582376
2754800000000000000000,1724582963758,101990,1724582958662,0,1724582976
2754330000000000000000,1724583569521,102863,1724583564426,0,1724583600
2757080000000000000000,1724584174375,98010,1724584169179,0,1724584236
2759070000000000000000,1724585383699,100000,1724585378358,0,1724585400
2757200000000000000000,1724585978746,201100,1724585973330,0,1724586012
2757400000000000000000,1724586590254,101000,1724586585164,0,1724586600
2751775000000000000000,1724587195894,199011,1724587190632,0,1724587212
2754875000000000000000,1724587799603,196029,1724587794634,0,1724587812
2751760000000000000000,1724588407888,100000,1724588402803,0,1724588424
2749400000000000000000,1724589012724,200100,1724589007582,0,1724589024
2753220000000000000000,1724590224773,2990,1724590219736,0,1724590236
2753125000000000000000,1724590831615,196020,1724590826473,0,1724590896
2755240000000000000000,1724591436815,100000,1724591431461,0,1724591448
2758665000000000000000,1724592043559,97029,1724592038516,0,1724592072
2764435000000000000000,1724592645867,97029,1724592640851,0,1724592876
2763000000000000000000,1724593248333,1950,1724593243305,0,1724593296
2761680000000000000000,1724593854730,301951,1724593849281,0,1724593872
2765215000000000000000,1724594460086,297020,1724594454958,0,1724594616
2768225000000000000000,1724595066008,300843,1724595055802,0,1724595084
2769920000000000000000,1724595671944,99029,1724595661720,0,1724595684
2763190000000000000000,1724596278122,101000,1724596273099,0,1724596320
2769400000000000000000,1724596882936,990,1724596877929,0,1724596896
2765200000000000000000,1724597490365,101990,1724597485059,0,1724597508
2764075000000000000000,1724598107998,99010,1724598102565,0,1724598180
2767000000000000000000,1724598748230,990,1724598743147,0,1724598768
2771455000000000000000,1724599355591,100000,1724599350471,0,1724599392
2768180000000000000000,1724599973175,200000,1724599968062,0,1724599992
2765425000000000000000,1724600580648,102950,1724600575489,0,1724600616
2763000000000000000000,1724601188272,198970,1724601183105,0,1724601204
2767440000000000000000,1724601799870,199000,1724601794750,0,1724601852
2763200000000000000000,1724602440441,100,1724602435166,0,1724602488
2765280000000000000000,1724603060560,101000,1724603055481,0,1724603076
2767840000000000000000,1724603665037,101000,1724603659779,0,1724603688
2764800000000000000000,1724604270642,198110,1724604265503,0,1724604312
2764270000000000000000,1724604876885,101000,1724604871743,0,1724604888
2765135000000000000000,1724605484688,100000,1724605479574,0,1724605500
2770205000000000000000,1724606090968,98970,1724606085673,0,1724606100
2768500000000000000000,1724606694581,2863,1724606689257,0,1724606712
2769290000000000000000,1724607306684,99010,1724607301426,0,1724607348
2773700000000000000000,1724607920604,101981,1724607915517,0,1724607936
2771300000000000000000,1724608527341,1000,1724608517304,0,1724608548
2772345000000000000000,1724609137222,99010,1724609131978,0,1724609184
2769300000000000000000,1724609775259,199010,1724609770054,0,1724609796
2769705000000000000000,1724610382479,99101,1724610377360,0,1724610420
2772000000000000000000,1724610994629,199037,1724610984438,0,1724611008
2772100000000000000000,1724611600015,3912,1724611594713,0,1724611644
2764340000000000000000,1724612203130,100,1724612198117,0,1724612220
2765885000000000000000,1724612808848,100037,1724612803425,0,1724612832
2765900000000000000000,1724613416788,1065,1724613411782,0,1724613432
2765900000000000000000,1724614014027,960,1724614009141,0,1724614044
2765750000000000000000,1724614621498,101000,1724614616439,0,1724614704
2765910000000000000000,1724615223843,202863,1724615218784,0,1724615244
2767365000000000000000,1724615823322,200970,1724615818144,0,1724615856
2768325000000000000000,1724616429916,103963,1724616424736,0,1724616444
2769600000000000000000,1724617036214,197020,1724617030955,0,1724617056
2767600000000000000000,1724617642020,100991,1724617636868,0,1724617656
2770380000000000000000,1724618247541,104913,1724618242217,0,1724618268
2772570000000000000000,1724618853166,300892,1724618847989,0,1724618868
2771200000000000000000,1724619458792,198110,1724619453728,0,1724619480
2772900000000000000000,1724620065649,1000,1724620060533,0,1724620080
2786600000000000000000,1724620670562,100,1724620665477,0,1724620692
2787610000000000000000,1724621273916,99110,1724621268632,0,1724621304
2784580000000000000000,1724621879742,2017,1724621869443,0,1724621892
2777715000000000000000,1724622482493,101863,1724622477433,0,1724622504
2783025000000000000000,1724623090354,300100,1724623085053,0,1724623104
2778465000000000000000,1724623691490,300892,1724623686322,0,1724623716
2781305000000000000000,1724624299589,201023,1724624294439,0,1724624340
2773200000000000000000,1724624909792,1100,1724624904513,0,1724624928
2767670000000000000000,1724626119427,200990,1724626114362,0,1724626164
2773600000000000000000,1724626729513,103863,1724626724272,0,1724626740
2773410000000000000000,1724627336758,2922,1724627331626,0,1724627352
2769710000000000000000,1724627938530,1196,1724627933434,0,1724627952
2776950000000000000000,1724628546452,199932,1724628541382,0,1724628564
2761280000000000000000,1724629149298,4918,1724629144022,0,1724629164
2745600000000000000000,1724629754872,4913,1724629749756,0,1724629776
2749860000000000000000,1724630358283,199010,1724630352997,0,1724630376
2754805000000000000000,1724630960992,1105,1724630955947,0,1724630976
2754165000000000000000,1724631553618,1990,1724631548589,0,1724631576
2756070000000000000000,1724632776803,1960,1724632771661,0,1724632788
2753530000000000000000,1724633378185,197980,1724633367886,0,1724633400
2754500000000000000000,1724633982863,105,1724633977986,0,1724634012
2748495000000000000000,1724634590689,100070,1724634580835,0,1724634600
2755755000000000000000,1724635196836,196020,1724635191591,0,1724635212
2757090000000000000000,1724635802713,1000,1724635797686,0,1724635836
2751980000000000000000,1724636405786,105,1724636400500,0,1724636436
2748890000000000000000,1724637009758,100991,1724637004619,0,1724637048
2745640000000000000000,1724637613750,101000,1724637608660,0,1724637624
2743820000000000000000,1724638220063,198010,1724638214762,0,1724638260
2741730000000000000000,1724638824387,101100,1724638819226,0,1724638836
2739340000000000000000,1724639425764,1000,1724639420680,0,1724639448
2736990000000000000000,1724640031505,201000,1724640026326,0,1724640048
2737905000000000000000,1724640635443,104051,1724640630155,0,1724640684
2742010000000000000000,1724641236687,960,1724641231591,0,1724641248
2742800000000000000000,1724641843900,960,1724641838828,0,1724641860
2744150000000000000000,1724642448626,2081,1724642443474,0,1724642460
2744325000000000000000,1724643050972,99010,1724643046052,0,1724643072
2742465000000000000000,1724643657414,98010,1724643652491,0,1724643672
2744200000000000000000,1724644260378,105056,1724644250078,0,1724644272
2745790000000000000000,1724644865035,100960,1724644859924,0,1724644896
2746350000000000000000,1724645471689,105,1724645466201,0,1724645520
2750465000000000000000,1724646079018,100066,1724646074083,0,1724646096
2750375000000000000000,1724646684645,100000,1724646679405,0,1724646696
2748730000000000000000,1724647287388,4105,1724647282246,0,1724647308
2749800000000000000000,1724647888220,1100,1724647874545,0,1724647920
2751850000000000000000,1724648502836,99010,1724648497668,0,1724648520
2751700000000000000000,1724649108006,2090,1724649102755,0,1724649468
2749025000000000000000,1724649715660,196020,1724649710502,0,1724649732
2744300000000000000000,1724650322210,199110,1724650316959,0,1724650344
2746100000000000000000,1724650920713,105830,1724650915487,0,1724650956
2747025000000000000000,1724651529754,196120,1724651524428,0,1724651544
2745870000000000000000,1724652135357,101000,1724652130231,0,1724652192
